item_id,name,description_de,price,category,meal_type,is_lunch_menu,is_vegetarian,is_vegan_possible,contains_chicken,contains_lamb,contains_fish,contains_shrimp,contains_duck,contains_paneer,allergen_codes,source_page,search_text,allergen_names
500,Aloo Gobi Masala,"Kartoffeln mit Blumenkohl; zubereitet mit Ingwer, Knoblauch, Zwiebeln, Tomaten, frischem Koriander und Gewürzen",9.9,Mittagsmenü / lunch menu,main,true,true,true,false,false,false,false,false,false,f,1,"Name: Aloo Gobi Masala | Category: Mittagsmenü / lunch menu | Description: Kartoffeln mit Blumenkohl; zubereitet mit Ingwer, Knoblauch, Zwiebeln, Tomaten, frischem Koriander und Gewürzen | Price: 9.9 euros | Meal type: main | Lunch menu: true | Vegetarian: true | Vegan possible: true | Allergen codes: f | Allergen names: milk_lactose",milk_lactose
501,Channa Masala,Kichererbsen in indischer Currysoße,9.9,Mittagsmenü / lunch menu,main,true,true,true,false,false,false,false,false,false,f,1,Name: Channa Masala | Category: Mittagsmenü / lunch menu | Description: Kichererbsen in indischer Currysoße | Price: 9.9 euros | Meal type: main | Lunch menu: true | Vegetarian: true | Vegan possible: true | Allergen codes: f | Allergen names: milk_lactose,milk_lactose
502,Veg. Fried Rice,"gebratener Reis mit frischem Gemüse, Frühlingszwiebeln, Ei und Sojasoße",9.9,Mittagsmenü / lunch menu,main,true,true,true,false,false,false,false,false,false,not_listed,1,"Name: Veg. Fried Rice | Category: Mittagsmenü / lunch menu | Description: gebratener Reis mit frischem Gemüse, Frühlingszwiebeln, Ei und Sojasoße | Price: 9.9 euros | Meal type: main | Lunch menu: true | Vegetarian: true | Vegan possible: true | Allergen codes: not_listed | Allergen names: not_listed",not_listed
503,Gebratene Veg.-Nudeln,"gebratene Nudeln mit frischem Gemüse, Frühlingszwiebeln, Ei und Sojasoße",9.9,Mittagsmenü / lunch menu,main,true,true,true,false,false,false,false,false,false,not_listed,1,"Name: Gebratene Veg.-Nudeln | Category: Mittagsmenü / lunch menu | Description: gebratene Nudeln mit frischem Gemüse, Frühlingszwiebeln, Ei und Sojasoße | Price: 9.9 euros | Meal type: main | Lunch menu: true | Vegetarian: true | Vegan possible: true | Allergen codes: not_listed | Allergen names: not_listed",not_listed
504,Samosa-Teller,"Zwei Samosa mit Currykichererbsen, Tomaten, Gurken, Zwiebeln und mit zweierlei Soßen garniert",10.9,Mittagsmenü / lunch menu,main,true,true,true,false,false,false,false,false,false,not_listed,1,"Name: Samosa-Teller | Category: Mittagsmenü / lunch menu | Description: Zwei Samosa mit Currykichererbsen, Tomaten, Gurken, Zwiebeln und mit zweierlei Soßen garniert | Price: 10.9 euros | Meal type: main | Lunch menu: true | Vegetarian: true | Vegan possible: true | Allergen codes: not_listed | Allergen names: not_listed",not_listed
505,Paneer Tikka Biryani,"gebratener Basmatireis mit frischem Paneer, Cashewnüssen, Mandeln und Rosinen",10.9,Mittagsmenü / lunch menu,main,true,true,false,false,false,false,false,false,true,"f,g",1,"Name: Paneer Tikka Biryani | Category: Mittagsmenü / lunch menu | Description: gebratener Basmatireis mit frischem Paneer, Cashewnüssen, Mandeln und Rosinen | Price: 10.9 euros | Meal type: main | Lunch menu: true | Vegetarian: true | Vegan possible: false | Allergen codes: f,g | Allergen names: milk_lactose, nuts","milk_lactose, nuts"
506,Chili Paneer,"zarter indischer Käse in einer Paprika -Zwiebel-Soße und Chili, mit exotischen Gewürzen verfeinert",10.9,Mittagsmenü / lunch menu,main,true,true,false,false,false,false,false,false,true,not_listed,1,"Name: Chili Paneer | Category: Mittagsmenü / lunch menu | Description: zarter indischer Käse in einer Paprika -Zwiebel-Soße und Chili, mit exotischen Gewürzen verfeinert | Price: 10.9 euros | Meal type: main | Lunch menu: true | Vegetarian: true | Vegan possible: false | Allergen codes: not_listed | Allergen names: not_listed",not_listed
507,Palak Paneer,"frischer hausgemachter indischer Käse mit Spinat; zubereitet mit frischem Ingwer, Knoblauch und Tomaten",10.9,Mittagsmenü / lunch menu,main,true,true,false,false,false,false,false,false,true,f,2,"Name: Palak Paneer | Category: Mittagsmenü / lunch menu | Description: frischer hausgemachter indischer Käse mit Spinat; zubereitet mit frischem Ingwer, Knoblauch und Tomaten | Price: 10.9 euros | Meal type: main | Lunch menu: true | Vegetarian: true | Vegan possible: false | Allergen codes: f | Allergen names: milk_lactose",milk_lactose
508,Mango Paneer,hausgemachter indischer Käse mit Mango in einer exotischen Früchtesoße zubereitet,10.9,Mittagsmenü / lunch menu,main,true,true,false,false,false,false,false,false,true,not_listed,2,Name: Mango Paneer | Category: Mittagsmenü / lunch menu | Description: hausgemachter indischer Käse mit Mango in einer exotischen Früchtesoße zubereitet | Price: 10.9 euros | Meal type: main | Lunch menu: true | Vegetarian: true | Vegan possible: false | Allergen codes: not_listed | Allergen names: not_listed,not_listed
509,Paneer Jalfrezi,"hausgemachter indischer Käse mit Paprika, Zwiebeln und Tomaten in Curry-Gewürz-Soße zubereitet",10.9,Mittagsmenü / lunch menu,main,true,true,false,false,false,false,false,false,true,not_listed,2,"Name: Paneer Jalfrezi | Category: Mittagsmenü / lunch menu | Description: hausgemachter indischer Käse mit Paprika, Zwiebeln und Tomaten in Curry-Gewürz-Soße zubereitet | Price: 10.9 euros | Meal type: main | Lunch menu: true | Vegetarian: true | Vegan possible: false | Allergen codes: not_listed | Allergen names: not_listed",not_listed
520,Chicken Fried Rice,"gebratener Reis mit Hähnchenfleisch, frischem Gemüse, Frühlings-Zwiebeln, Ei und Sojasoße",10.9,Mittagsmenü / lunch menu,main,true,false,false,true,false,false,false,false,false,not_listed,2,"Name: Chicken Fried Rice | Category: Mittagsmenü / lunch menu | Description: gebratener Reis mit Hähnchenfleisch, frischem Gemüse, Frühlings-Zwiebeln, Ei und Sojasoße | Price: 10.9 euros | Meal type: main | Lunch menu: true | Vegetarian: false | Vegan possible: false | Allergen codes: not_listed | Allergen names: not_listed",not_listed
521,Gebratene Nudeln mit Hähnchen,"mit frischem Gemüse, Frühlingszwiebeln, Ei und Sojasoße",10.9,Mittagsmenü / lunch menu,main,true,false,false,true,false,false,false,false,false,not_listed,2,"Name: Gebratene Nudeln mit Hähnchen | Category: Mittagsmenü / lunch menu | Description: mit frischem Gemüse, Frühlingszwiebeln, Ei und Sojasoße | Price: 10.9 euros | Meal type: main | Lunch menu: true | Vegetarian: false | Vegan possible: false | Allergen codes: not_listed | Allergen names: not_listed",not_listed
522,Chicken Curry,exotisches Curry mit Hähnchenfilet,11.9,Mittagsmenü / lunch menu,main,true,false,false,true,false,false,false,false,false,f,2,Name: Chicken Curry | Category: Mittagsmenü / lunch menu | Description: exotisches Curry mit Hähnchenfilet | Price: 11.9 euros | Meal type: main | Lunch menu: true | Vegetarian: false | Vegan possible: false | Allergen codes: f | Allergen names: milk_lactose,milk_lactose
523,Butter Chicken,zartes Hähnchenfilet aus dem Tandoor in Butter-Tomaten-Sahnesoße,11.9,Mittagsmenü / lunch menu,main,true,false,false,true,false,false,false,false,false,"f,g",2,"Name: Butter Chicken | Category: Mittagsmenü / lunch menu | Description: zartes Hähnchenfilet aus dem Tandoor in Butter-Tomaten-Sahnesoße | Price: 11.9 euros | Meal type: main | Lunch menu: true | Vegetarian: false | Vegan possible: false | Allergen codes: f,g | Allergen names: milk_lactose, nuts","milk_lactose, nuts"
524,Chicken Korma,zartes Hähnchenfilet mit Cashewnüssen in Mandelsoße zubereitet,11.9,Mittagsmenü / lunch menu,main,true,false,false,true,false,false,false,false,false,"f,g",2,"Name: Chicken Korma | Category: Mittagsmenü / lunch menu | Description: zartes Hähnchenfilet mit Cashewnüssen in Mandelsoße zubereitet | Price: 11.9 euros | Meal type: main | Lunch menu: true | Vegetarian: false | Vegan possible: false | Allergen codes: f,g | Allergen names: milk_lactose, nuts","milk_lactose, nuts"
525,Mango Chicken,zartes Hähnchenfilet mit Mango in einer exotischen Früchtesoße zubereitet,11.9,Mittagsmenü / lunch menu,main,true,false,false,true,false,false,false,false,false,f,2,Name: Mango Chicken | Category: Mittagsmenü / lunch menu | Description: zartes Hähnchenfilet mit Mango in einer exotischen Früchtesoße zubereitet | Price: 11.9 euros | Meal type: main | Lunch menu: true | Vegetarian: false | Vegan possible: false | Allergen codes: f | Allergen names: milk_lactose,milk_lactose
526,Chicken Lababdar,zartes Hähnchen in einer aromatischen Tomaten-Curry-Soße mit Mozzarella-Käse; langsam gegart und mit Gewürzen und Sahne verfeinert,11.9,Mittagsmenü / lunch menu,main,true,false,false,true,false,false,false,false,false,not_listed,2,Name: Chicken Lababdar | Category: Mittagsmenü / lunch menu | Description: zartes Hähnchen in einer aromatischen Tomaten-Curry-Soße mit Mozzarella-Käse; langsam gegart und mit Gewürzen und Sahne verfeinert | Price: 11.9 euros | Meal type: main | Lunch menu: true | Vegetarian: false | Vegan possible: false | Allergen codes: not_listed | Allergen names: not_listed,not_listed
527,Chicken Channa Saag,"zartes Hähnchenfilet und Kichererbsen mit Blattspinat, Ingwer und exotischen Gewürzen",11.9,Mittagsmenü / lunch menu,main,true,false,false,true,false,false,false,false,false,f,2,"Name: Chicken Channa Saag | Category: Mittagsmenü / lunch menu | Description: zartes Hähnchenfilet und Kichererbsen mit Blattspinat, Ingwer und exotischen Gewürzen | Price: 11.9 euros | Meal type: main | Lunch menu: true | Vegetarian: false | Vegan possible: false | Allergen codes: f | Allergen names: milk_lactose",milk_lactose
528,Chicken Tikka Masala,gegrilltes Hähnchenfilet in einer würzigen Soße serviert und mit exotischen Gewürzen verfeinert,11.9,Mittagsmenü / lunch menu,main,true,false,false,true,false,false,false,false,false,not_listed,2,Name: Chicken Tikka Masala | Category: Mittagsmenü / lunch menu | Description: gegrilltes Hähnchenfilet in einer würzigen Soße serviert und mit exotischen Gewürzen verfeinert | Price: 11.9 euros | Meal type: main | Lunch menu: true | Vegetarian: false | Vegan possible: false | Allergen codes: not_listed | Allergen names: not_listed,not_listed
529,Achari Chicken,"zartes Hähnchenfilet mit Knoblauch, Ingwer, Zitronensaft und Currysoße",11.9,Mittagsmenü / lunch menu,main,true,false,false,true,false,false,false,false,false,f,2,"Name: Achari Chicken | Category: Mittagsmenü / lunch menu | Description: zartes Hähnchenfilet mit Knoblauch, Ingwer, Zitronensaft und Currysoße | Price: 11.9 euros | Meal type: main | Lunch menu: true | Vegetarian: false | Vegan possible: false | Allergen codes: f | Allergen names: milk_lactose",milk_lactose
540,Lamb Karahi,"zartes Lammfleisch mit verschiedenen indischen Gewürzen, Paprika, Tomaten, Zwiebeln und frischen Kräutern in Currysoße",12.9,Mittagsmenü / lunch menu,main,true,false,false,false,true,false,false,false,false,f,2,"Name: Lamb Karahi | Category: Mittagsmenü / lunch menu | Description: zartes Lammfleisch mit verschiedenen indischen Gewürzen, Paprika, Tomaten, Zwiebeln und frischen Kräutern in Currysoße | Price: 12.9 euros | Meal type: main | Lunch menu: true | Vegetarian: false | Vegan possible: false | Allergen codes: f | Allergen names: milk_lactose",milk_lactose
541,Lamb Korma,zartes Lammfleisch mit Cashewnüssen in Mandelsoße zubereitet,12.9,Mittagsmenü / lunch menu,main,true,false,false,false,true,false,false,false,false,"f,g",2,"Name: Lamb Korma | Category: Mittagsmenü / lunch menu | Description: zartes Lammfleisch mit Cashewnüssen in Mandelsoße zubereitet | Price: 12.9 euros | Meal type: main | Lunch menu: true | Vegetarian: false | Vegan possible: false | Allergen codes: f,g | Allergen names: milk_lactose, nuts","milk_lactose, nuts"
542,Lamb Vindaloo,zartes Lammfleisch und Kartoffeln in einer scharfen südindischen Currysoße,12.9,Mittagsmenü / lunch menu,main,true,false,false,false,true,false,false,false,false,f,2,Name: Lamb Vindaloo | Category: Mittagsmenü / lunch menu | Description: zartes Lammfleisch und Kartoffeln in einer scharfen südindischen Currysoße | Price: 12.9 euros | Meal type: main | Lunch menu: true | Vegetarian: false | Vegan possible: false | Allergen codes: f | Allergen names: milk_lactose,milk_lactose
543,Lamb Jalfrezi,zartes Lammfleisch mit Paprika in einer pikanten Currysoße,12.9,Mittagsmenü / lunch menu,main,true,false,false,false,true,false,false,false,false,f,3,Name: Lamb Jalfrezi | Category: Mittagsmenü / lunch menu | Description: zartes Lammfleisch mit Paprika in einer pikanten Currysoße | Price: 12.9 euros | Meal type: main | Lunch menu: true | Vegetarian: false | Vegan possible: false | Allergen codes: f | Allergen names: milk_lactose,milk_lactose
544,Lamb Mango,zartes Lammfleisch in einer exotischen Mango-Zwiebel-Currysoße,12.9,Mittagsmenü / lunch menu,main,true,false,false,false,true,false,false,false,false,f,3,Name: Lamb Mango | Category: Mittagsmenü / lunch menu | Description: zartes Lammfleisch in einer exotischen Mango-Zwiebel-Currysoße | Price: 12.9 euros | Meal type: main | Lunch menu: true | Vegetarian: false | Vegan possible: false | Allergen codes: f | Allergen names: milk_lactose,milk_lactose
545,Lamb Saag,"zartes Lammfleisch in Blattspinat, Ingwer und exotischen Gewürzen",12.9,Mittagsmenü / lunch menu,main,true,false,false,false,true,false,false,false,false,f,3,"Name: Lamb Saag | Category: Mittagsmenü / lunch menu | Description: zartes Lammfleisch in Blattspinat, Ingwer und exotischen Gewürzen | Price: 12.9 euros | Meal type: main | Lunch menu: true | Vegetarian: false | Vegan possible: false | Allergen codes: f | Allergen names: milk_lactose",milk_lactose
560,Maschli Jalfrezi,zarter Seelachs mit Paprika in einer pikanten Currysoße,13.9,Mittagsmenü / lunch menu,main,true,false,false,false,false,true,false,false,false,not_listed,3,Name: Maschli Jalfrezi | Category: Mittagsmenü / lunch menu | Description: zarter Seelachs mit Paprika in einer pikanten Currysoße | Price: 13.9 euros | Meal type: main | Lunch menu: true | Vegetarian: false | Vegan possible: false | Allergen codes: not_listed | Allergen names: not_listed,not_listed
561,Maschli Madras,zarter Seelachs zubereitet mit Kokosmilch und Curry-Gewürzen,13.9,Mittagsmenü / lunch menu,main,true,false,false,false,false,true,false,false,false,not_listed,3,Name: Maschli Madras | Category: Mittagsmenü / lunch menu | Description: zarter Seelachs zubereitet mit Kokosmilch und Curry-Gewürzen | Price: 13.9 euros | Meal type: main | Lunch menu: true | Vegetarian: false | Vegan possible: false | Allergen codes: not_listed | Allergen names: not_listed,not_listed
562,Chili Maschli,Seelachs in Chili-Soße nach indischer Art,13.9,Mittagsmenü / lunch menu,main,true,false,false,false,false,true,false,false,false,d,3,Name: Chili Maschli | Category: Mittagsmenü / lunch menu | Description: Seelachs in Chili-Soße nach indischer Art | Price: 13.9 euros | Meal type: main | Lunch menu: true | Vegetarian: false | Vegan possible: false | Allergen codes: d | Allergen names: fish,fish
563,Jheenga Curry,"Garnelen in pikanter Soße mit Tomaten, Zwiebeln, Ingwer, Knoblauch, indischen Gewürzen und Kräutern gebraten",13.9,Mittagsmenü / lunch menu,main,true,false,false,false,false,false,true,false,false,"d,f",3,"Name: Jheenga Curry | Category: Mittagsmenü / lunch menu | Description: Garnelen in pikanter Soße mit Tomaten, Zwiebeln, Ingwer, Knoblauch, indischen Gewürzen und Kräutern gebraten | Price: 13.9 euros | Meal type: main | Lunch menu: true | Vegetarian: false | Vegan possible: false | Allergen codes: d,f | Allergen names: fish, milk_lactose","fish, milk_lactose"
564,Jheenga Masala,Garnelen in Masala-Soße nach indischer Art,13.9,Mittagsmenü / lunch menu,main,true,false,false,false,false,false,true,false,false,"d,f",3,"Name: Jheenga Masala | Category: Mittagsmenü / lunch menu | Description: Garnelen in Masala-Soße nach indischer Art | Price: 13.9 euros | Meal type: main | Lunch menu: true | Vegetarian: false | Vegan possible: false | Allergen codes: d,f | Allergen names: fish, milk_lactose","fish, milk_lactose"
1,Tomatar Shorba,Tomatencremesuppe,4.8,Suppen,starter,false,true,true,false,false,false,false,false,false,f,3,Name: Tomatar Shorba | Category: Suppen | Description: Tomatencremesuppe | Price: 4.8 euros | Meal type: starter | Lunch menu: false | Vegetarian: true | Vegan possible: true | Allergen codes: f | Allergen names: milk_lactose,milk_lactose
2,Daal Shorba,Delikate indische Linsensuppe,5.0,Suppen,starter,false,true,true,false,false,false,false,false,false,g,3,Name: Daal Shorba | Category: Suppen | Description: Delikate indische Linsensuppe | Price: 5.0 euros | Meal type: starter | Lunch menu: false | Vegetarian: true | Vegan possible: true | Allergen codes: g | Allergen names: nuts,nuts
3,Chicken Shorba,Mild gewürzte Hühnersuppe,5.9,Suppen,starter,false,false,false,true,false,false,false,false,false,not_listed,3,Name: Chicken Shorba | Category: Suppen | Description: Mild gewürzte Hühnersuppe | Price: 5.9 euros | Meal type: starter | Lunch menu: false | Vegetarian: false | Vegan possible: false | Allergen codes: not_listed | Allergen names: not_listed,not_listed
5,Gemischter Salat,Salat der Saison,6.0,Salate,starter,false,true,true,false,false,false,false,false,false,not_listed,3,Name: Gemischter Salat | Category: Salate | Description: Salat der Saison | Price: 6.0 euros | Meal type: starter | Lunch menu: false | Vegetarian: true | Vegan possible: true | Allergen codes: not_listed | Allergen names: not_listed,not_listed
6,Chicken Tikka Salat,Mit Hähnchenfilet im Tandoor zubereitet,10.8,Salate,starter,false,false,false,true,false,false,false,false,false,f,3,Name: Chicken Tikka Salat | Category: Salate | Description: Mit Hähnchenfilet im Tandoor zubereitet | Price: 10.8 euros | Meal type: starter | Lunch menu: false | Vegetarian: false | Vegan possible: false | Allergen codes: f | Allergen names: milk_lactose,milk_lactose
7,Indian Channa Chat,"Mit Kichererbsen, Zwiebeln, Tomaten, Gurken, Kartoffeln nach indischer Art",7.5,Salate,starter,false,true,true,false,false,false,false,false,false,not_listed,4,"Name: Indian Channa Chat | Category: Salate | Description: Mit Kichererbsen, Zwiebeln, Tomaten, Gurken, Kartoffeln nach indischer Art | Price: 7.5 euros | Meal type: starter | Lunch menu: false | Vegetarian: true | Vegan possible: true | Allergen codes: not_listed | Allergen names: not_listed",not_listed
8,Paneer Tikka Salat,"Mit hausgemachtem indischem Käse, Paprika, Zwiebeln",10.8,Salate,starter,false,true,false,false,false,false,false,false,true,f,4,"Name: Paneer Tikka Salat | Category: Salate | Description: Mit hausgemachtem indischem Käse, Paprika, Zwiebeln | Price: 10.8 euros | Meal type: starter | Lunch menu: false | Vegetarian: true | Vegan possible: false | Allergen codes: f | Allergen names: milk_lactose",milk_lactose
10,Papadamm (2 Stück),"Dünne, knusprige Linsenwaffeln",3.0,Vorspeisen,starter,false,true,true,false,false,false,false,false,false,not_listed,4,"Name: Papadamm (2 Stück) | Category: Vorspeisen | Description: Dünne, knusprige Linsenwaffeln | Price: 3.0 euros | Meal type: starter | Lunch menu: false | Vegetarian: true | Vegan possible: true | Allergen codes: not_listed | Allergen names: not_listed",not_listed
11,Samosa (2 Stück),"Gefüllte Teigtaschen mit Kartoffeln, Erbsen, Kräutern und Gewürzen",6.0,Vorspeisen,starter,false,true,true,false,false,false,false,false,false,not_listed,4,"Name: Samosa (2 Stück) | Category: Vorspeisen | Description: Gefüllte Teigtaschen mit Kartoffeln, Erbsen, Kräutern und Gewürzen | Price: 6.0 euros | Meal type: starter | Lunch menu: false | Vegetarian: true | Vegan possible: true | Allergen codes: not_listed | Allergen names: not_listed",not_listed
12,Sabzi Pakoras,Mariniertes frisches Gemüse in einem Teig aus Kichererbsen frittiert,6.0,Vorspeisen,starter,false,true,true,false,false,false,false,false,false,not_listed,4,Name: Sabzi Pakoras | Category: Vorspeisen | Description: Mariniertes frisches Gemüse in einem Teig aus Kichererbsen frittiert | Price: 6.0 euros | Meal type: starter | Lunch menu: false | Vegetarian: true | Vegan possible: true | Allergen codes: not_listed | Allergen names: not_listed,not_listed
13,Khumb Pakoras,Marinierte Champignons in einem Teig aus Kichererbsen frittiert,6.0,Vorspeisen,starter,false,true,true,false,false,false,false,false,false,not_listed,4,Name: Khumb Pakoras | Category: Vorspeisen | Description: Marinierte Champignons in einem Teig aus Kichererbsen frittiert | Price: 6.0 euros | Meal type: starter | Lunch menu: false | Vegetarian: true | Vegan possible: true | Allergen codes: not_listed | Allergen names: not_listed,not_listed
14,Paneer Pakoras,Marinierter indischer Käse in einem Teig aus Kichererbsen frittiert,7.9,Vorspeisen,starter,false,true,false,false,false,false,false,false,true,f,4,Name: Paneer Pakoras | Category: Vorspeisen | Description: Marinierter indischer Käse in einem Teig aus Kichererbsen frittiert | Price: 7.9 euros | Meal type: starter | Lunch menu: false | Vegetarian: true | Vegan possible: false | Allergen codes: f | Allergen names: milk_lactose,milk_lactose
15,Onion Bhaji,Marinierte Zwiebelringe in einem Teig aus Kichererbsen frittiert,5.9,Vorspeisen,starter,false,true,true,false,false,false,false,false,false,not_listed,4,Name: Onion Bhaji | Category: Vorspeisen | Description: Marinierte Zwiebelringe in einem Teig aus Kichererbsen frittiert | Price: 5.9 euros | Meal type: starter | Lunch menu: false | Vegetarian: true | Vegan possible: true | Allergen codes: not_listed | Allergen names: not_listed,not_listed
16,Chicken Pakoras,Mariniertes zartes Hähnchenfilet in einem Teig aus Kichererbsen frittiert,7.5,Vorspeisen,starter,false,false,false,true,false,false,false,false,false,a,4,Name: Chicken Pakoras | Category: Vorspeisen | Description: Mariniertes zartes Hähnchenfilet in einem Teig aus Kichererbsen frittiert | Price: 7.5 euros | Meal type: starter | Lunch menu: false | Vegetarian: false | Vegan possible: false | Allergen codes: a | Allergen names: gluten,gluten
17,Fish Pakoras,Mariniertes Fischfilet in einem Teig aus Kichererbsen frittiert,7.9,Vorspeisen,starter,false,false,false,false,false,true,false,false,false,"a,d",4,"Name: Fish Pakoras | Category: Vorspeisen | Description: Mariniertes Fischfilet in einem Teig aus Kichererbsen frittiert | Price: 7.9 euros | Meal type: starter | Lunch menu: false | Vegetarian: false | Vegan possible: false | Allergen codes: a,d | Allergen names: fish, gluten","fish, gluten"
18,Pakora-Teller (für 2 Personen),Gemischte Platte aus den. Gerichten,12.9,Vorspeisen,starter,false,false,false,false,false,false,false,false,false,"a,d,g",4,"Name: Pakora-Teller (für 2 Personen) | Category: Vorspeisen | Description: Gemischte Platte aus den. Gerichten | Price: 12.9 euros | Meal type: starter | Lunch menu: false | Vegetarian: false | Vegan possible: false | Allergen codes: a,d,g | Allergen names: fish, gluten, nuts","fish, gluten, nuts"
19,Aloo Tikki,"drei indische Kartoffelpuffer mit roten Zwiebeln,Weißkohl und Zweierlei Soßen",12.0,Vorspeisen,starter,false,true,false,false,false,false,false,false,false,not_listed,4,"Name: Aloo Tikki | Category: Vorspeisen | Description: drei indische Kartoffelpuffer mit roten Zwiebeln,Weißkohl und Zweierlei Soßen | Price: 12.0 euros | Meal type: starter | Lunch menu: false | Vegetarian: true | Vegan possible: false | Allergen codes: not_listed | Allergen names: not_listed",not_listed
25,Butter Naan,No detailed description is listed for Butter Naan.,3.0,Naan / Brot,side,false,true,false,false,false,false,false,false,false,a,5,Name: Butter Naan | Category: Naan / Brot | Description: No detailed description is listed for Butter Naan. | Price: 3.0 euros | Meal type: side | Lunch menu: false | Vegetarian: true | Vegan possible: false | Allergen codes: a | Allergen names: gluten,gluten
26,Garlic Naan,No detailed description is listed for Garlic Naan.,3.5,Naan / Brot,side,false,true,false,false,false,false,false,false,false,a,5,Name: Garlic Naan | Category: Naan / Brot | Description: No detailed description is listed for Garlic Naan. | Price: 3.5 euros | Meal type: side | Lunch menu: false | Vegetarian: true | Vegan possible: false | Allergen codes: a | Allergen names: gluten,gluten
27,Garlic Cheese Naan,No detailed description is listed for Garlic Cheese Naan.,5.0,Naan / Brot,side,false,true,false,false,false,false,false,false,false,"a,f",5,"Name: Garlic Cheese Naan | Category: Naan / Brot | Description: No detailed description is listed for Garlic Cheese Naan. | Price: 5.0 euros | Meal type: side | Lunch menu: false | Vegetarian: true | Vegan possible: false | Allergen codes: a,f | Allergen names: gluten, milk_lactose","gluten, milk_lactose"
28,Chili Cheese Naan,No detailed description is listed for Chili Cheese Naan.,5.0,Naan / Brot,side,false,true,false,false,false,false,false,false,false,"a,f",5,"Name: Chili Cheese Naan | Category: Naan / Brot | Description: No detailed description is listed for Chili Cheese Naan. | Price: 5.0 euros | Meal type: side | Lunch menu: false | Vegetarian: true | Vegan possible: false | Allergen codes: a,f | Allergen names: gluten, milk_lactose","gluten, milk_lactose"
29,Paneer Naan,No detailed description is listed for Paneer Naan.,4.5,Naan / Brot,side,false,true,false,false,false,false,false,false,true,"a,f",5,"Name: Paneer Naan | Category: Naan / Brot | Description: No detailed description is listed for Paneer Naan. | Price: 4.5 euros | Meal type: side | Lunch menu: false | Vegetarian: true | Vegan possible: false | Allergen codes: a,f | Allergen names: gluten, milk_lactose","gluten, milk_lactose"
30,Aloo Naan,Naan mit Kartoffelfüllung,4.5,Naan / Brot,side,false,true,false,false,false,false,false,false,false,"a,f",5,"Name: Aloo Naan | Category: Naan / Brot | Description: Naan mit Kartoffelfüllung | Price: 4.5 euros | Meal type: side | Lunch menu: false | Vegetarian: true | Vegan possible: false | Allergen codes: a,f | Allergen names: gluten, milk_lactose","gluten, milk_lactose"
31,Tandoori Roti,Indisches Fladenbrot aus Vollkornmehl,2.5,Naan / Brot,side,false,true,true,false,false,false,false,false,false,"a,f",5,"Name: Tandoori Roti | Category: Naan / Brot | Description: Indisches Fladenbrot aus Vollkornmehl | Price: 2.5 euros | Meal type: side | Lunch menu: false | Vegetarian: true | Vegan possible: true | Allergen codes: a,f | Allergen names: gluten, milk_lactose","gluten, milk_lactose"
32,Methi Roti,Indisches Fladenbrot aus Vollkornmehl mit Bockshornkleeblättern,2.5,Naan / Brot,side,false,true,true,false,false,false,false,false,false,not_listed,5,Name: Methi Roti | Category: Naan / Brot | Description: Indisches Fladenbrot aus Vollkornmehl mit Bockshornkleeblättern | Price: 2.5 euros | Meal type: side | Lunch menu: false | Vegetarian: true | Vegan possible: true | Allergen codes: not_listed | Allergen names: not_listed,not_listed
33,Keema Naan,Naan mit Hähnchen-Zwiebel-Füllung,5.5,Naan / Brot,side,false,false,false,true,false,false,false,false,false,"a,f",5,"Name: Keema Naan | Category: Naan / Brot | Description: Naan mit Hähnchen-Zwiebel-Füllung | Price: 5.5 euros | Meal type: side | Lunch menu: false | Vegetarian: false | Vegan possible: false | Allergen codes: a,f | Allergen names: gluten, milk_lactose","gluten, milk_lactose"
35,Sabzi Biryani,"Gebratener Basmatireis mit frischem Gemüse, Cashewnüssen, Mandeln und Rosinen",13.0,Biryani-Spezialitäten,main,false,true,true,false,false,false,false,false,false,g,5,"Name: Sabzi Biryani | Category: Biryani-Spezialitäten | Description: Gebratener Basmatireis mit frischem Gemüse, Cashewnüssen, Mandeln und Rosinen | Price: 13.0 euros | Meal type: main | Lunch menu: false | Vegetarian: true | Vegan possible: true | Allergen codes: g | Allergen names: nuts",nuts
36,Tofu Biryani,"Gebratener Basmatireis mit frischem Gemüse und Tofu, Cashewnüssen, Mandeln und Rosinen",13.5,Biryani-Spezialitäten,main,false,true,true,false,false,false,false,false,false,g,5,"Name: Tofu Biryani | Category: Biryani-Spezialitäten | Description: Gebratener Basmatireis mit frischem Gemüse und Tofu, Cashewnüssen, Mandeln und Rosinen | Price: 13.5 euros | Meal type: main | Lunch menu: false | Vegetarian: true | Vegan possible: true | Allergen codes: g | Allergen names: nuts",nuts
37,Paneer Tikka Biryani,"Gebratener Basmatireis mit frischem Gemüse und Paneer, Cashewnüssen, Mandeln und Rosinen",13.5,Biryani-Spezialitäten,main,false,true,false,false,false,false,false,false,true,"f,g",5,"Name: Paneer Tikka Biryani | Category: Biryani-Spezialitäten | Description: Gebratener Basmatireis mit frischem Gemüse und Paneer, Cashewnüssen, Mandeln und Rosinen | Price: 13.5 euros | Meal type: main | Lunch menu: false | Vegetarian: true | Vegan possible: false | Allergen codes: f,g | Allergen names: milk_lactose, nuts","milk_lactose, nuts"
38,Chicken Biryani,"Gewürztes Hähnchenfilet mit Basmatireis, gemischtem Gemüse, Rosinen, Cashewnüssen und Mandeln",14.5,Biryani-Spezialitäten,main,false,false,false,true,false,false,false,false,false,g,5,"Name: Chicken Biryani | Category: Biryani-Spezialitäten | Description: Gewürztes Hähnchenfilet mit Basmatireis, gemischtem Gemüse, Rosinen, Cashewnüssen und Mandeln | Price: 14.5 euros | Meal type: main | Lunch menu: false | Vegetarian: false | Vegan possible: false | Allergen codes: g | Allergen names: nuts",nuts
39,Chicken Tikka Biryani,"Mariniertes Hähnchenbrustfilet vom Spieß aus dem Tandoor, mit Basmatireis, gemischtem Gemüse, Rosinen, Cashewnüssen und Mandeln",15.5,Biryani-Spezialitäten,main,false,false,false,true,false,false,false,false,false,g,5,"Name: Chicken Tikka Biryani | Category: Biryani-Spezialitäten | Description: Mariniertes Hähnchenbrustfilet vom Spieß aus dem Tandoor, mit Basmatireis, gemischtem Gemüse, Rosinen, Cashewnüssen und Mandeln | Price: 15.5 euros | Meal type: main | Lunch menu: false | Vegetarian: false | Vegan possible: false | Allergen codes: g | Allergen names: nuts",nuts
40,Lamm Biryani,"Gewürztes Lammfilet mit Basmatireis, gemischtem Gemüse, Cashewnüssen und Mandeln",16.5,Biryani-Spezialitäten,main,false,false,false,false,true,false,false,false,false,g,6,"Name: Lamm Biryani | Category: Biryani-Spezialitäten | Description: Gewürztes Lammfilet mit Basmatireis, gemischtem Gemüse, Cashewnüssen und Mandeln | Price: 16.5 euros | Meal type: main | Lunch menu: false | Vegetarian: false | Vegan possible: false | Allergen codes: g | Allergen names: nuts",nuts
41,Jheenga Biryani,"Gewürzte Garnelen mit Basmatireis, gemischtem Gemüse, Cashewnüssen und Mandeln",17.5,Biryani-Spezialitäten,main,false,false,false,false,false,false,true,false,false,"d,g",6,"Name: Jheenga Biryani | Category: Biryani-Spezialitäten | Description: Gewürzte Garnelen mit Basmatireis, gemischtem Gemüse, Cashewnüssen und Mandeln | Price: 17.5 euros | Meal type: main | Lunch menu: false | Vegetarian: false | Vegan possible: false | Allergen codes: d,g | Allergen names: fish, nuts","fish, nuts"
45,Daal Makhni,Schwarze Linsen in Sahnecurry,12.5,Vegetarische Gerichte,main,false,true,false,false,false,false,false,false,false,f,6,Name: Daal Makhni | Category: Vegetarische Gerichte | Description: Schwarze Linsen in Sahnecurry | Price: 12.5 euros | Meal type: main | Lunch menu: false | Vegetarian: true | Vegan possible: false | Allergen codes: f | Allergen names: milk_lactose,milk_lactose
46,Daal Tarka,Linsen mit exotischen Gewürzen verfeinert,12.5,Vegetarische Gerichte,main,false,true,true,false,false,false,false,false,false,not_listed,6,Name: Daal Tarka | Category: Vegetarische Gerichte | Description: Linsen mit exotischen Gewürzen verfeinert | Price: 12.5 euros | Meal type: main | Lunch menu: false | Vegetarian: true | Vegan possible: true | Allergen codes: not_listed | Allergen names: not_listed,not_listed
47,Channa Masala,Kichererbsen in indischer Currysoße,12.5,Vegetarische Gerichte,main,false,true,true,false,false,false,false,false,false,f,6,Name: Channa Masala | Category: Vegetarische Gerichte | Description: Kichererbsen in indischer Currysoße | Price: 12.5 euros | Meal type: main | Lunch menu: false | Vegetarian: true | Vegan possible: true | Allergen codes: f | Allergen names: milk_lactose,milk_lactose
48,Aloo Mattar Paneer,Kartoffel-Erbsen-Curry,13.5,Vegetarische Gerichte,main,false,true,false,false,false,false,false,false,true,f,6,Name: Aloo Mattar Paneer | Category: Vegetarische Gerichte | Description: Kartoffel-Erbsen-Curry | Price: 13.5 euros | Meal type: main | Lunch menu: false | Vegetarian: true | Vegan possible: false | Allergen codes: f | Allergen names: milk_lactose,milk_lactose
49,Baingan Bharta,"Frische Grill-Auberginen püriert mit Zwiebeln und Tomaten, kräftig gewürzt",13.9,Vegetarische Gerichte,main,false,true,true,false,false,false,false,false,false,not_listed,6,"Name: Baingan Bharta | Category: Vegetarische Gerichte | Description: Frische Grill-Auberginen püriert mit Zwiebeln und Tomaten, kräftig gewürzt | Price: 13.9 euros | Meal type: main | Lunch menu: false | Vegetarian: true | Vegan possible: true | Allergen codes: not_listed | Allergen names: not_listed",not_listed
50,Mix Sabzi,"Frisches, gemischtes Gemüsecurry",13.5,Vegetarische Gerichte,main,false,true,true,false,false,false,false,false,false,not_listed,6,"Name: Mix Sabzi | Category: Vegetarische Gerichte | Description: Frisches, gemischtes Gemüsecurry | Price: 13.5 euros | Meal type: main | Lunch menu: false | Vegetarian: true | Vegan possible: true | Allergen codes: not_listed | Allergen names: not_listed",not_listed
51,Aloo Gobi Masala,"Kartoffeln mit Blumenkohl, zubereitet mit Ingwer, Knoblauch, Zwiebeln, Tomaten, frischem Koriander und Gewürzen",13.5,Vegetarische Gerichte,main,false,true,true,false,false,false,false,false,false,f,6,"Name: Aloo Gobi Masala | Category: Vegetarische Gerichte | Description: Kartoffeln mit Blumenkohl, zubereitet mit Ingwer, Knoblauch, Zwiebeln, Tomaten, frischem Koriander und Gewürzen | Price: 13.5 euros | Meal type: main | Lunch menu: false | Vegetarian: true | Vegan possible: true | Allergen codes: f | Allergen names: milk_lactose",milk_lactose
52,Mattar Paneer,Frischer hausgemachter indischer Käse mit grünen Erbsen in Currysoße,13.5,Vegetarische Gerichte,main,false,true,false,false,false,false,false,false,true,f,6,Name: Mattar Paneer | Category: Vegetarische Gerichte | Description: Frischer hausgemachter indischer Käse mit grünen Erbsen in Currysoße | Price: 13.5 euros | Meal type: main | Lunch menu: false | Vegetarian: true | Vegan possible: false | Allergen codes: f | Allergen names: milk_lactose,milk_lactose
53,Sabzi Kofta,Gemüsebällchen in pikanter Currysoße,13.5,Vegetarische Gerichte,main,false,true,false,false,false,false,false,false,false,f,6,Name: Sabzi Kofta | Category: Vegetarische Gerichte | Description: Gemüsebällchen in pikanter Currysoße | Price: 13.5 euros | Meal type: main | Lunch menu: false | Vegetarian: true | Vegan possible: false | Allergen codes: f | Allergen names: milk_lactose,milk_lactose
54,Khumb Palak,Spinat mit Champignon nach indischer Art,13.5,Vegetarische Gerichte,main,false,true,true,false,false,false,false,false,false,f,6,Name: Khumb Palak | Category: Vegetarische Gerichte | Description: Spinat mit Champignon nach indischer Art | Price: 13.5 euros | Meal type: main | Lunch menu: false | Vegetarian: true | Vegan possible: true | Allergen codes: f | Allergen names: milk_lactose,milk_lactose
55,Palak Paneer,"Frischer hausgemachter indischer Käse mit Spinat; zubereitet mit frischem Ingwer, Knoblauch und Tomaten",14.0,Vegetarische Gerichte,main,false,true,false,false,false,false,false,false,true,f,6,"Name: Palak Paneer | Category: Vegetarische Gerichte | Description: Frischer hausgemachter indischer Käse mit Spinat; zubereitet mit frischem Ingwer, Knoblauch und Tomaten | Price: 14.0 euros | Meal type: main | Lunch menu: false | Vegetarian: true | Vegan possible: false | Allergen codes: f | Allergen names: milk_lactose",milk_lactose
56,Palak Tofu,"Tofu mit Blattspinat, Ingwer und exotischen Gewürzen",14.0,Vegetarische Gerichte,main,false,true,true,false,false,false,false,false,false,f,6,"Name: Palak Tofu | Category: Vegetarische Gerichte | Description: Tofu mit Blattspinat, Ingwer und exotischen Gewürzen | Price: 14.0 euros | Meal type: main | Lunch menu: false | Vegetarian: true | Vegan possible: true | Allergen codes: f | Allergen names: milk_lactose",milk_lactose
57,Shahi Paneer,Frischer hausgemachter indischer Käse in spezieller Cashew-Curry-Sahnesoße,14.0,Vegetarische Gerichte,main,false,true,false,false,false,false,false,false,true,"f,g",7,"Name: Shahi Paneer | Category: Vegetarische Gerichte | Description: Frischer hausgemachter indischer Käse in spezieller Cashew-Curry-Sahnesoße | Price: 14.0 euros | Meal type: main | Lunch menu: false | Vegetarian: true | Vegan possible: false | Allergen codes: f,g | Allergen names: milk_lactose, nuts","milk_lactose, nuts"
58,Paneer Tikka Masala,Gegrillter hausgemachter indischer Käse mit exotisch gewürzter Masalasoße,14.5,Vegetarische Gerichte,main,false,true,false,false,false,false,false,false,true,f,7,Name: Paneer Tikka Masala | Category: Vegetarische Gerichte | Description: Gegrillter hausgemachter indischer Käse mit exotisch gewürzter Masalasoße | Price: 14.5 euros | Meal type: main | Lunch menu: false | Vegetarian: true | Vegan possible: false | Allergen codes: f | Allergen names: milk_lactose,milk_lactose
59,Malai Kofta,Kartoffelbällchen in spezieller Cashew-Curry-Sahnesoße,14.0,Vegetarische Gerichte,main,false,true,false,false,false,false,false,false,false,"f,g",7,"Name: Malai Kofta | Category: Vegetarische Gerichte | Description: Kartoffelbällchen in spezieller Cashew-Curry-Sahnesoße | Price: 14.0 euros | Meal type: main | Lunch menu: false | Vegetarian: true | Vegan possible: false | Allergen codes: f,g | Allergen names: milk_lactose, nuts","milk_lactose, nuts"
60,Karahi Paneer,"Hausgemachter indischer Käse mit Tomaten, Ingwer, Zwiebeln, Paprika und frischen Kräutern in einer deftigen Currysoße",14.0,Vegetarische Gerichte,main,false,true,false,false,false,false,false,false,true,f,7,"Name: Karahi Paneer | Category: Vegetarische Gerichte | Description: Hausgemachter indischer Käse mit Tomaten, Ingwer, Zwiebeln, Paprika und frischen Kräutern in einer deftigen Currysoße | Price: 14.0 euros | Meal type: main | Lunch menu: false | Vegetarian: true | Vegan possible: false | Allergen codes: f | Allergen names: milk_lactose",milk_lactose
61,Bhindi Masala,frische Okraschoten und Zwiebeln mit exotischen Gewürzen in einer Masala Soße verfeinert,16.0,Vegetarische Gerichte,main,false,true,true,false,false,false,false,false,false,f,7,Name: Bhindi Masala | Category: Vegetarische Gerichte | Description: frische Okraschoten und Zwiebeln mit exotischen Gewürzen in einer Masala Soße verfeinert | Price: 16.0 euros | Meal type: main | Lunch menu: false | Vegetarian: true | Vegan possible: true | Allergen codes: f | Allergen names: milk_lactose,milk_lactose
65,Tandoori Chicken,Hähnchenteile mit Joghurtmarinade aus dem Tandoor,17.5,Tandoori-Spezialitäten,main,false,false,false,true,false,false,false,true,false,f,7,Name: Tandoori Chicken | Category: Tandoori-Spezialitäten | Description: Hähnchenteile mit Joghurtmarinade aus dem Tandoor | Price: 17.5 euros | Meal type: main | Lunch menu: false | Vegetarian: false | Vegan possible: false | Allergen codes: f | Allergen names: milk_lactose,milk_lactose
66,Chicken Tikka,Mariniertes Hähnchenfilet vom Spieß aus dem Tandoor,18.0,Tandoori-Spezialitäten,main,false,false,false,true,false,false,false,false,false,not_listed,7,Name: Chicken Tikka | Category: Tandoori-Spezialitäten | Description: Mariniertes Hähnchenfilet vom Spieß aus dem Tandoor | Price: 18.0 euros | Meal type: main | Lunch menu: false | Vegetarian: false | Vegan possible: false | Allergen codes: not_listed | Allergen names: not_listed,not_listed
67,Chicken Malai Tikka,Mariniertes Hähnchen mit Joghurt-Safran-Marinade aus dem Tandoor,18.0,Tandoori-Spezialitäten,main,false,false,false,true,false,false,false,false,false,f,7,Name: Chicken Malai Tikka | Category: Tandoori-Spezialitäten | Description: Mariniertes Hähnchen mit Joghurt-Safran-Marinade aus dem Tandoor | Price: 18.0 euros | Meal type: main | Lunch menu: false | Vegetarian: false | Vegan possible: false | Allergen codes: f | Allergen names: milk_lactose,milk_lactose
68,Achari Tikka,Hähnchenfilet mit Zitrone-Chili-Ingwer-Marinade aus dem Tandoor,18.0,Tandoori-Spezialitäten,main,false,false,false,true,false,false,false,false,false,not_listed,7,Name: Achari Tikka | Category: Tandoori-Spezialitäten | Description: Hähnchenfilet mit Zitrone-Chili-Ingwer-Marinade aus dem Tandoor | Price: 18.0 euros | Meal type: main | Lunch menu: false | Vegetarian: false | Vegan possible: false | Allergen codes: not_listed | Allergen names: not_listed,not_listed
69,Lamb Tikka,Mariniertes Lammfleisch vom Spieß aus dem Tandoor,19.5,Tandoori-Spezialitäten,main,false,false,false,false,true,false,false,false,false,not_listed,7,Name: Lamb Tikka | Category: Tandoori-Spezialitäten | Description: Mariniertes Lammfleisch vom Spieß aus dem Tandoor | Price: 19.5 euros | Meal type: main | Lunch menu: false | Vegetarian: false | Vegan possible: false | Allergen codes: not_listed | Allergen names: not_listed,not_listed
70,Lamb Seekh Kebab,Saftiger Lammhackspieß aus dem Tandoor,20.5,Tandoori-Spezialitäten,main,false,false,false,false,true,false,false,false,false,not_listed,7,Name: Lamb Seekh Kebab | Category: Tandoori-Spezialitäten | Description: Saftiger Lammhackspieß aus dem Tandoor | Price: 20.5 euros | Meal type: main | Lunch menu: false | Vegetarian: false | Vegan possible: false | Allergen codes: not_listed | Allergen names: not_listed,not_listed
71,Paneer Tikka,Hausgemachter indischer Käse mit Masalamarinade aus dem Tandoor,17.0,Tandoori-Spezialitäten,main,false,true,false,false,false,false,false,false,true,f,7,Name: Paneer Tikka | Category: Tandoori-Spezialitäten | Description: Hausgemachter indischer Käse mit Masalamarinade aus dem Tandoor | Price: 17.0 euros | Meal type: main | Lunch menu: false | Vegetarian: true | Vegan possible: false | Allergen codes: f | Allergen names: milk_lactose,milk_lactose
72,Veggie Tikka,"Hausgemachter indischer Käse mit Champignons, Aubergine, Blumenkohl, Paprika und Zwiebeln in Joghurtmarinade aus dem Tandoor",17.5,Tandoori-Spezialitäten,main,false,true,true,false,false,false,false,false,true,f,7,"Name: Veggie Tikka | Category: Tandoori-Spezialitäten | Description: Hausgemachter indischer Käse mit Champignons, Aubergine, Blumenkohl, Paprika und Zwiebeln in Joghurtmarinade aus dem Tandoor | Price: 17.5 euros | Meal type: main | Lunch menu: false | Vegetarian: true | Vegan possible: true | Allergen codes: f | Allergen names: milk_lactose",milk_lactose
73,Tandoori Jheenga,Marinierte Garnelen aus dem Tandoor,21.0,Tandoori-Spezialitäten,main,false,false,false,false,false,false,true,false,false,d,7,Name: Tandoori Jheenga | Category: Tandoori-Spezialitäten | Description: Marinierte Garnelen aus dem Tandoor | Price: 21.0 euros | Meal type: main | Lunch menu: false | Vegetarian: false | Vegan possible: false | Allergen codes: d | Allergen names: fish,fish
74,Tandoori Maschli,Marinierter Seelachs aus dem Tandoor,19.5,Tandoori-Spezialitäten,main,false,false,false,false,false,true,false,false,false,d,8,Name: Tandoori Maschli | Category: Tandoori-Spezialitäten | Description: Marinierter Seelachs aus dem Tandoor | Price: 19.5 euros | Meal type: main | Lunch menu: false | Vegetarian: false | Vegan possible: false | Allergen codes: d | Allergen names: fish,fish
75,Swagat-Grillplatte,Eine herrliche Grillplatte mit verschiedenen Fleischsorten und Fisch,24.9,Tandoori-Spezialitäten,main,false,false,false,true,true,true,false,false,false,"d,f",8,"Name: Swagat-Grillplatte | Category: Tandoori-Spezialitäten | Description: Eine herrliche Grillplatte mit verschiedenen Fleischsorten und Fisch | Price: 24.9 euros | Meal type: main | Lunch menu: false | Vegetarian: false | Vegan possible: false | Allergen codes: d,f | Allergen names: fish, milk_lactose","fish, milk_lactose"
76,Chicken Seekh Kebab,saftiger Hähnchenhackspieß aus dem Tandoor,19.0,Tandoori-Spezialitäten,main,false,false,false,true,true,false,false,false,false,not_listed,8,Name: Chicken Seekh Kebab | Category: Tandoori-Spezialitäten | Description: saftiger Hähnchenhackspieß aus dem Tandoor | Price: 19.0 euros | Meal type: main | Lunch menu: false | Vegetarian: false | Vegan possible: false | Allergen codes: not_listed | Allergen names: not_listed,not_listed
77,Haryali Tikka,Hähnchenfilet mit Minz-Koriander-Marinade aus dem Tandoor,18.0,Tandoori-Spezialitäten,main,false,false,false,true,false,false,false,false,false,not_listed,8,Name: Haryali Tikka | Category: Tandoori-Spezialitäten | Description: Hähnchenfilet mit Minz-Koriander-Marinade aus dem Tandoor | Price: 18.0 euros | Meal type: main | Lunch menu: false | Vegetarian: false | Vegan possible: false | Allergen codes: not_listed | Allergen names: not_listed,not_listed
80,Chicken Curry,Exotisches Curry mit Hähnchenfilet,14.5,Hähnchen-Spezialitäten,main,false,false,false,true,false,false,false,false,false,f,8,Name: Chicken Curry | Category: Hähnchen-Spezialitäten | Description: Exotisches Curry mit Hähnchenfilet | Price: 14.5 euros | Meal type: main | Lunch menu: false | Vegetarian: false | Vegan possible: false | Allergen codes: f | Allergen names: milk_lactose,milk_lactose
81,Butter Chicken,Zartes Hähnchenfilet aus dem Tandoor in Butter-Tomaten-Sahnesoße,15.0,Hähnchen-Spezialitäten,main,false,false,false,true,false,false,false,false,false,"f,g",8,"Name: Butter Chicken | Category: Hähnchen-Spezialitäten | Description: Zartes Hähnchenfilet aus dem Tandoor in Butter-Tomaten-Sahnesoße | Price: 15.0 euros | Meal type: main | Lunch menu: false | Vegetarian: false | Vegan possible: false | Allergen codes: f,g | Allergen names: milk_lactose, nuts","milk_lactose, nuts"
82,Chicken Karahi,"Zartes Hähnchenfilet mit Tomaten, Ingwer, Zwiebeln, Paprika und frischen Kräutern in einer deftigen Currysoße",15.5,Hähnchen-Spezialitäten,main,false,false,false,true,false,false,false,false,false,f,8,"Name: Chicken Karahi | Category: Hähnchen-Spezialitäten | Description: Zartes Hähnchenfilet mit Tomaten, Ingwer, Zwiebeln, Paprika und frischen Kräutern in einer deftigen Currysoße | Price: 15.5 euros | Meal type: main | Lunch menu: false | Vegetarian: false | Vegan possible: false | Allergen codes: f | Allergen names: milk_lactose",milk_lactose
83,Chicken Korma,Zartes Hähnchenfilet mit Cashewnüssen in Mandelsoße zubereitet,16.0,Hähnchen-Spezialitäten,main,false,false,false,true,false,false,false,false,false,"f,g",8,"Name: Chicken Korma | Category: Hähnchen-Spezialitäten | Description: Zartes Hähnchenfilet mit Cashewnüssen in Mandelsoße zubereitet | Price: 16.0 euros | Meal type: main | Lunch menu: false | Vegetarian: false | Vegan possible: false | Allergen codes: f,g | Allergen names: milk_lactose, nuts","milk_lactose, nuts"
84,Chicken Vindaloo,Zartes Hähnchenfilet und Kartoffeln in einer scharfen südindischen Currysoße,15.0,Hähnchen-Spezialitäten,main,false,false,false,true,false,false,false,false,false,f,8,Name: Chicken Vindaloo | Category: Hähnchen-Spezialitäten | Description: Zartes Hähnchenfilet und Kartoffeln in einer scharfen südindischen Currysoße | Price: 15.0 euros | Meal type: main | Lunch menu: false | Vegetarian: false | Vegan possible: false | Allergen codes: f | Allergen names: milk_lactose,milk_lactose
85,Chicken Madras,Zartes Hähnchenfilet zubereitet mit Kokosmilch und Curry-Gewürzen,16.0,Hähnchen-Spezialitäten,main,false,false,false,true,false,false,false,false,false,"f,g",8,"Name: Chicken Madras | Category: Hähnchen-Spezialitäten | Description: Zartes Hähnchenfilet zubereitet mit Kokosmilch und Curry-Gewürzen | Price: 16.0 euros | Meal type: main | Lunch menu: false | Vegetarian: false | Vegan possible: false | Allergen codes: f,g | Allergen names: milk_lactose, nuts","milk_lactose, nuts"
86,Chicken Jalfrezi,"Gebratenes Hähnchenfilet mit Paprika, Zwiebeln und Tomaten in Curry-Gewürz-Soße zubereitet",15.5,Hähnchen-Spezialitäten,main,false,false,false,true,false,false,false,false,false,f,8,"Name: Chicken Jalfrezi | Category: Hähnchen-Spezialitäten | Description: Gebratenes Hähnchenfilet mit Paprika, Zwiebeln und Tomaten in Curry-Gewürz-Soße zubereitet | Price: 15.5 euros | Meal type: main | Lunch menu: false | Vegetarian: false | Vegan possible: false | Allergen codes: f | Allergen names: milk_lactose",milk_lactose
87,Mango Chicken,Zartes Hähnchenfilet mit Mango in einer exotischen Früchtesoße zubereitet,15.5,Hähnchen-Spezialitäten,main,false,false,false,true,false,false,false,false,false,f,8,Name: Mango Chicken | Category: Hähnchen-Spezialitäten | Description: Zartes Hähnchenfilet mit Mango in einer exotischen Früchtesoße zubereitet | Price: 15.5 euros | Meal type: main | Lunch menu: false | Vegetarian: false | Vegan possible: false | Allergen codes: f | Allergen names: milk_lactose,milk_lactose
88,Chili Chicken,"Zartes Hähnchenfilet in einer Paprika-Zwiebelsoße, mit exotischen Gewürzen verfeinert",17.0,Hähnchen-Spezialitäten,main,false,false,false,true,false,false,false,false,false,a,8,"Name: Chili Chicken | Category: Hähnchen-Spezialitäten | Description: Zartes Hähnchenfilet in einer Paprika-Zwiebelsoße, mit exotischen Gewürzen verfeinert | Price: 17.0 euros | Meal type: main | Lunch menu: false | Vegetarian: false | Vegan possible: false | Allergen codes: a | Allergen names: gluten",gluten
89,Chicken Channa,Zartes Hähnchenfilet in Kichererbsen-Curry-Soße,15.5,Hähnchen-Spezialitäten,main,false,false,false,true,false,false,false,false,false,f,8,Name: Chicken Channa | Category: Hähnchen-Spezialitäten | Description: Zartes Hähnchenfilet in Kichererbsen-Curry-Soße | Price: 15.5 euros | Meal type: main | Lunch menu: false | Vegetarian: false | Vegan possible: false | Allergen codes: f | Allergen names: milk_lactose,milk_lactose
90,Chicken Saag,"Zartes Hähnchenfilet mit Blattspinat, Ingwer und exotischen Gewürzen",15.5,Hähnchen-Spezialitäten,main,false,false,false,true,false,false,false,false,false,f,9,"Name: Chicken Saag | Category: Hähnchen-Spezialitäten | Description: Zartes Hähnchenfilet mit Blattspinat, Ingwer und exotischen Gewürzen | Price: 15.5 euros | Meal type: main | Lunch menu: false | Vegetarian: false | Vegan possible: false | Allergen codes: f | Allergen names: milk_lactose",milk_lactose
91,Chicken Channa Saag,"Zartes Hähnchenfilet und Kichererbsen mit Blattspinat, Ingwer und exotischen Gewürzen",16.0,Hähnchen-Spezialitäten,main,false,false,false,true,false,false,false,false,false,f,9,"Name: Chicken Channa Saag | Category: Hähnchen-Spezialitäten | Description: Zartes Hähnchenfilet und Kichererbsen mit Blattspinat, Ingwer und exotischen Gewürzen | Price: 16.0 euros | Meal type: main | Lunch menu: false | Vegetarian: false | Vegan possible: false | Allergen codes: f | Allergen names: milk_lactose",milk_lactose
92,Chicken Tikka Masala,Gegrilltes Hähnchenfilet in einer würzigen Soße serviert und mit exotischen Gewürzen verfeinert,16.5,Hähnchen-Spezialitäten,main,false,false,false,true,false,false,false,false,false,not_listed,9,Name: Chicken Tikka Masala | Category: Hähnchen-Spezialitäten | Description: Gegrilltes Hähnchenfilet in einer würzigen Soße serviert und mit exotischen Gewürzen verfeinert | Price: 16.5 euros | Meal type: main | Lunch menu: false | Vegetarian: false | Vegan possible: false | Allergen codes: not_listed | Allergen names: not_listed,not_listed
93,Achari Chicken,"Zartes Hähnchenfilet mit Knoblauch, Ingwer, Zitronensaft und Currysoße",15.5,Hähnchen-Spezialitäten,main,false,false,false,true,false,false,false,false,false,f,9,"Name: Achari Chicken | Category: Hähnchen-Spezialitäten | Description: Zartes Hähnchenfilet mit Knoblauch, Ingwer, Zitronensaft und Currysoße | Price: 15.5 euros | Meal type: main | Lunch menu: false | Vegetarian: false | Vegan possible: false | Allergen codes: f | Allergen names: milk_lactose",milk_lactose
94,Chicken 65,"Knusprig frittiertes Hähnchen in würziger südindischer Marinade mit Knoblauch, Ingwer, Curryblättern und einer leicht süß-sauren Schärfe",16.0,Hähnchen-Spezialitäten,main,false,false,false,true,false,false,false,false,false,"a,f",9,"Name: Chicken 65 | Category: Hähnchen-Spezialitäten | Description: Knusprig frittiertes Hähnchen in würziger südindischer Marinade mit Knoblauch, Ingwer, Curryblättern und einer leicht süß-sauren Schärfe | Price: 16.0 euros | Meal type: main | Lunch menu: false | Vegetarian: false | Vegan possible: false | Allergen codes: a,f | Allergen names: gluten, milk_lactose","gluten, milk_lactose"
110,Lamb Curry,Zartes Lammfleisch zubereitet mit speziellen Curry-Gewürzen,17.5,Lamm-Spezialitäten,main,false,false,false,false,true,false,false,false,false,f,9,Name: Lamb Curry | Category: Lamm-Spezialitäten | Description: Zartes Lammfleisch zubereitet mit speziellen Curry-Gewürzen | Price: 17.5 euros | Meal type: main | Lunch menu: false | Vegetarian: false | Vegan possible: false | Allergen codes: f | Allergen names: milk_lactose,milk_lactose
111,Lamb Karahi,"Zartes Lammfleisch mit verschiedenen indischen Gewürzen, Paprika, Tomaten, Zwiebeln und frischen Kräutern in Currysoße",18.0,Lamm-Spezialitäten,main,false,false,false,false,true,false,false,false,false,f,9,"Name: Lamb Karahi | Category: Lamm-Spezialitäten | Description: Zartes Lammfleisch mit verschiedenen indischen Gewürzen, Paprika, Tomaten, Zwiebeln und frischen Kräutern in Currysoße | Price: 18.0 euros | Meal type: main | Lunch menu: false | Vegetarian: false | Vegan possible: false | Allergen codes: f | Allergen names: milk_lactose",milk_lactose
112,Lamb Korma,Zartes Lammfleisch mit Cashewnüssen in Mandelsoße zubereitet,19.0,Lamm-Spezialitäten,main,false,false,false,false,true,false,false,false,false,"f,g",9,"Name: Lamb Korma | Category: Lamm-Spezialitäten | Description: Zartes Lammfleisch mit Cashewnüssen in Mandelsoße zubereitet | Price: 19.0 euros | Meal type: main | Lunch menu: false | Vegetarian: false | Vegan possible: false | Allergen codes: f,g | Allergen names: milk_lactose, nuts","milk_lactose, nuts"
113,Lamb Vindaloo,Zartes Lammfleisch und Kartoffeln in einer scharfen südindischen Currysoße,18.0,Lamm-Spezialitäten,main,false,false,false,false,true,false,false,false,false,f,9,Name: Lamb Vindaloo | Category: Lamm-Spezialitäten | Description: Zartes Lammfleisch und Kartoffeln in einer scharfen südindischen Currysoße | Price: 18.0 euros | Meal type: main | Lunch menu: false | Vegetarian: false | Vegan possible: false | Allergen codes: f | Allergen names: milk_lactose,milk_lactose
114,Lamb Jalfrezi,Zartes Lammfleisch mit Paprika in einer pikanten Currysoße,18.0,Lamm-Spezialitäten,main,false,false,false,false,true,false,false,false,false,f,9,Name: Lamb Jalfrezi | Category: Lamm-Spezialitäten | Description: Zartes Lammfleisch mit Paprika in einer pikanten Currysoße | Price: 18.0 euros | Meal type: main | Lunch menu: false | Vegetarian: false | Vegan possible: false | Allergen codes: f | Allergen names: milk_lactose,milk_lactose
115,Lamb Madras,Zartes Lammfleisch zubereitet mit Kokosmilch und Curry-Gewürzen,18.5,Lamm-Spezialitäten,main,false,false,false,false,true,false,false,false,false,"f,g",9,"Name: Lamb Madras | Category: Lamm-Spezialitäten | Description: Zartes Lammfleisch zubereitet mit Kokosmilch und Curry-Gewürzen | Price: 18.5 euros | Meal type: main | Lunch menu: false | Vegetarian: false | Vegan possible: false | Allergen codes: f,g | Allergen names: milk_lactose, nuts","milk_lactose, nuts"
116,Lamb Mango,"Zartes Lammfleisch in einer exotischen Mango-, Zwiebelcurrysoße",18.0,Lamm-Spezialitäten,main,false,false,false,false,true,false,false,false,false,f,9,"Name: Lamb Mango | Category: Lamm-Spezialitäten | Description: Zartes Lammfleisch in einer exotischen Mango-, Zwiebelcurrysoße | Price: 18.0 euros | Meal type: main | Lunch menu: false | Vegetarian: false | Vegan possible: false | Allergen codes: f | Allergen names: milk_lactose",milk_lactose
117,Lamb Saag,"zartes Lammfleisch in Blattspinat, Ingwer und exotischen Gewürzen",18.0,Lamm-Spezialitäten,main,false,false,false,false,true,false,false,false,false,f,9,"Name: Lamb Saag | Category: Lamm-Spezialitäten | Description: zartes Lammfleisch in Blattspinat, Ingwer und exotischen Gewürzen | Price: 18.0 euros | Meal type: main | Lunch menu: false | Vegetarian: false | Vegan possible: false | Allergen codes: f | Allergen names: milk_lactose",milk_lactose
118,Lamb Masala,"Zartes Lammfleisch in einer gewürzten Soße aus Ingwer, Knoblauch und exotischen Gewürzen",17.5,Lamm-Spezialitäten,main,false,false,false,false,true,false,false,false,false,f,9,"Name: Lamb Masala | Category: Lamm-Spezialitäten | Description: Zartes Lammfleisch in einer gewürzten Soße aus Ingwer, Knoblauch und exotischen Gewürzen | Price: 17.5 euros | Meal type: main | Lunch menu: false | Vegetarian: false | Vegan possible: false | Allergen codes: f | Allergen names: milk_lactose",milk_lactose
119,Lamb Bhindi Masala,"Lammfleisch in einer exotisch gewürzten Soße aus Ingwer, Knoblauch und frischen Okraschoten zubereitet",19.0,Lamm-Spezialitäten,main,false,false,false,false,true,false,false,false,false,f,10,"Name: Lamb Bhindi Masala | Category: Lamm-Spezialitäten | Description: Lammfleisch in einer exotisch gewürzten Soße aus Ingwer, Knoblauch und frischen Okraschoten zubereitet | Price: 19.0 euros | Meal type: main | Lunch menu: false | Vegetarian: false | Vegan possible: false | Allergen codes: f | Allergen names: milk_lactose",milk_lactose
125,Maschli Curry,Seelachs in pikanter Senf-Currysoße,17.5,Fisch-Spezialitäten,main,false,false,false,false,false,true,false,false,false,"d,f,i",10,"Name: Maschli Curry | Category: Fisch-Spezialitäten | Description: Seelachs in pikanter Senf-Currysoße | Price: 17.5 euros | Meal type: main | Lunch menu: false | Vegetarian: false | Vegan possible: false | Allergen codes: d,f,i | Allergen names: fish, milk_lactose, mustard","fish, milk_lactose, mustard"
126,Chili Maschli,Seelachs in Chili-Soße nach indischer Art,18.0,Fisch-Spezialitäten,main,false,false,false,false,false,true,false,false,false,d,10,Name: Chili Maschli | Category: Fisch-Spezialitäten | Description: Seelachs in Chili-Soße nach indischer Art | Price: 18.0 euros | Meal type: main | Lunch menu: false | Vegetarian: false | Vegan possible: false | Allergen codes: d | Allergen names: fish,fish
127,Jheenga Curry,"Garnelen in pikanter Soße mit Tomaten, Zwiebeln, Ingwer, Knoblauch, indischen Gewürzen und Kräutern gebraten",19.0,Fisch-Spezialitäten,main,false,false,false,false,false,false,true,false,false,"d,f",10,"Name: Jheenga Curry | Category: Fisch-Spezialitäten | Description: Garnelen in pikanter Soße mit Tomaten, Zwiebeln, Ingwer, Knoblauch, indischen Gewürzen und Kräutern gebraten | Price: 19.0 euros | Meal type: main | Lunch menu: false | Vegetarian: false | Vegan possible: false | Allergen codes: d,f | Allergen names: fish, milk_lactose","fish, milk_lactose"
128,Jheenga Masala,Garnelen in Masala-Soße nach indischer Art,19.0,Fisch-Spezialitäten,main,false,false,false,false,false,false,true,false,false,"d,f",10,"Name: Jheenga Masala | Category: Fisch-Spezialitäten | Description: Garnelen in Masala-Soße nach indischer Art | Price: 19.0 euros | Meal type: main | Lunch menu: false | Vegetarian: false | Vegan possible: false | Allergen codes: d,f | Allergen names: fish, milk_lactose","fish, milk_lactose"
135,Enten Curry,Entenbrust in einer milden Currysoße,18.5,Enten-Spezialitäten,main,false,false,false,false,false,false,false,true,false,f,10,Name: Enten Curry | Category: Enten-Spezialitäten | Description: Entenbrust in einer milden Currysoße | Price: 18.5 euros | Meal type: main | Lunch menu: false | Vegetarian: false | Vegan possible: false | Allergen codes: f | Allergen names: milk_lactose,milk_lactose
136,Enten Vindaloo,Entenbrust in einer scharfen Currysoße,18.5,Enten-Spezialitäten,main,false,false,false,false,false,false,false,true,false,f,10,Name: Enten Vindaloo | Category: Enten-Spezialitäten | Description: Entenbrust in einer scharfen Currysoße | Price: 18.5 euros | Meal type: main | Lunch menu: false | Vegetarian: false | Vegan possible: false | Allergen codes: f | Allergen names: milk_lactose,milk_lactose
137,Mango Ente,Entenbrust in einer milden Mangocremesoße,18.5,Enten-Spezialitäten,main,false,false,false,false,false,false,false,true,false,f,10,Name: Mango Ente | Category: Enten-Spezialitäten | Description: Entenbrust in einer milden Mangocremesoße | Price: 18.5 euros | Meal type: main | Lunch menu: false | Vegetarian: false | Vegan possible: false | Allergen codes: f | Allergen names: milk_lactose,milk_lactose
138,Enten Korma,"Entenbrust in einer pikanten Currysoße verfeinert mit indischen Gewürzen, Kokos und Mandeln",19.0,Enten-Spezialitäten,main,false,false,false,false,false,false,false,true,false,f,10,"Name: Enten Korma | Category: Enten-Spezialitäten | Description: Entenbrust in einer pikanten Currysoße verfeinert mit indischen Gewürzen, Kokos und Mandeln | Price: 19.0 euros | Meal type: main | Lunch menu: false | Vegetarian: false | Vegan possible: false | Allergen codes: f | Allergen names: milk_lactose",milk_lactose
145,Samosa-Teller,"Zwei Samosa mit Currykichererbsen, Tomaten, Gurken, Zwiebeln und mit zweierlei Soßen garniert",12.0,Swagat-Spezialitäten,main,false,false,false,false,false,false,false,false,false,not_listed,10,"Name: Samosa-Teller | Category: Swagat-Spezialitäten | Description: Zwei Samosa mit Currykichererbsen, Tomaten, Gurken, Zwiebeln und mit zweierlei Soßen garniert | Price: 12.0 euros | Meal type: main | Lunch menu: false | Vegetarian: false | Vegan possible: false | Allergen codes: not_listed | Allergen names: not_listed",not_listed
146,Aloo Tikki,"Drei indische Kartoffelpuffer mit roten Zwiebeln, Weißkohl und zweierlei Soße",12.0,Swagat-Spezialitäten,main,false,false,false,false,false,false,false,false,false,not_listed,10,"Name: Aloo Tikki | Category: Swagat-Spezialitäten | Description: Drei indische Kartoffelpuffer mit roten Zwiebeln, Weißkohl und zweierlei Soße | Price: 12.0 euros | Meal type: main | Lunch menu: false | Vegetarian: false | Vegan possible: false | Allergen codes: not_listed | Allergen names: not_listed",not_listed
155,Boondi Raita,Joghurt mit knusprigen Backerbsen,3.5,Beilagen,side,false,true,false,false,false,false,false,false,false,f,11,Name: Boondi Raita | Category: Beilagen | Description: Joghurt mit knusprigen Backerbsen | Price: 3.5 euros | Meal type: side | Lunch menu: false | Vegetarian: true | Vegan possible: false | Allergen codes: f | Allergen names: milk_lactose,milk_lactose
156,Raita Joghurt,"Mit Tomaten, Zwiebeln, Gurken und Koriander",4.5,Beilagen,side,false,true,false,false,false,false,false,false,false,f,11,"Name: Raita Joghurt | Category: Beilagen | Description: Mit Tomaten, Zwiebeln, Gurken und Koriander | Price: 4.5 euros | Meal type: side | Lunch menu: false | Vegetarian: true | Vegan possible: false | Allergen codes: f | Allergen names: milk_lactose",milk_lactose
157,Minzsoße,Minze mit Joghurt,2.5,Beilagen,side,false,true,true,false,false,false,false,false,false,f,11,Name: Minzsoße | Category: Beilagen | Description: Minze mit Joghurt | Price: 2.5 euros | Meal type: side | Lunch menu: false | Vegetarian: true | Vegan possible: true | Allergen codes: f | Allergen names: milk_lactose,milk_lactose
158,Mango Chutney,Mit Mango und exotischen Gewürzen,3.0,Beilagen,side,false,true,true,false,false,false,false,false,false,not_listed,11,Name: Mango Chutney | Category: Beilagen | Description: Mit Mango und exotischen Gewürzen | Price: 3.0 euros | Meal type: side | Lunch menu: false | Vegetarian: true | Vegan possible: true | Allergen codes: not_listed | Allergen names: not_listed,not_listed
159,Green Chutney,"Mit Minze, Koriander, Zwiebeln und exotischen Gewürzen",2.5,Beilagen,side,false,true,true,false,false,false,false,false,false,not_listed,11,"Name: Green Chutney | Category: Beilagen | Description: Mit Minze, Koriander, Zwiebeln und exotischen Gewürzen | Price: 2.5 euros | Meal type: side | Lunch menu: false | Vegetarian: true | Vegan possible: true | Allergen codes: not_listed | Allergen names: not_listed",not_listed
160,Portion Extra-Reis,No detailed description is listed for Portion Extra-Reis.,3.5,Beilagen,side,false,true,true,false,false,false,false,false,false,not_listed,11,Name: Portion Extra-Reis | Category: Beilagen | Description: No detailed description is listed for Portion Extra-Reis. | Price: 3.5 euros | Meal type: side | Lunch menu: false | Vegetarian: true | Vegan possible: true | Allergen codes: not_listed | Allergen names: not_listed,not_listed
161,Jeera-Reis,No detailed description is listed for Jeera-Reis.,3.5,Beilagen,side,false,true,true,false,false,false,false,false,false,not_listed,11,Name: Jeera-Reis | Category: Beilagen | Description: No detailed description is listed for Jeera-Reis. | Price: 3.5 euros | Meal type: side | Lunch menu: false | Vegetarian: true | Vegan possible: true | Allergen codes: not_listed | Allergen names: not_listed,not_listed
162,Mixed Pickels (scharf),eingelegte Gemüse und Früchte in Öl und Gewürzen,2.5,Beilagen,side,false,true,true,false,false,false,false,false,false,not_listed,11,Name: Mixed Pickels (scharf) | Category: Beilagen | Description: eingelegte Gemüse und Früchte in Öl und Gewürzen | Price: 2.5 euros | Meal type: side | Lunch menu: false | Vegetarian: true | Vegan possible: true | Allergen codes: not_listed | Allergen names: not_listed,not_listed
165,Gulab Jamun (3 stück),Süße Milchbällchen,5.5,Desserts,dessert,false,true,false,false,false,false,false,false,false,f,11,Name: Gulab Jamun (3 stück) | Category: Desserts | Description: Süße Milchbällchen | Price: 5.5 euros | Meal type: dessert | Lunch menu: false | Vegetarian: true | Vegan possible: false | Allergen codes: f | Allergen names: milk_lactose,milk_lactose
166,Kheer,Milchreis mit verschiedenen Nusssorten und Rosenwasser,5.5,Desserts,dessert,false,true,false,false,false,false,false,false,false,"f,g",11,"Name: Kheer | Category: Desserts | Description: Milchreis mit verschiedenen Nusssorten und Rosenwasser | Price: 5.5 euros | Meal type: dessert | Lunch menu: false | Vegetarian: true | Vegan possible: false | Allergen codes: f,g | Allergen names: milk_lactose, nuts","milk_lactose, nuts"
167,Ras Malei (2 Stück),"Zwei eingelegte Milchbällchen in Pistazien, Kardamom und Safransoße",6.0,Desserts,dessert,false,true,false,false,false,false,false,false,false,f,11,"Name: Ras Malei (2 Stück) | Category: Desserts | Description: Zwei eingelegte Milchbällchen in Pistazien, Kardamom und Safransoße | Price: 6.0 euros | Meal type: dessert | Lunch menu: false | Vegetarian: true | Vegan possible: false | Allergen codes: f | Allergen names: milk_lactose",milk_lactose
168,Matka Kulfi (Tontopf),Traditionelles indisches Eis,6.5,Desserts,dessert,false,true,false,false,false,false,false,false,false,"f,g",11,"Name: Matka Kulfi (Tontopf) | Category: Desserts | Description: Traditionelles indisches Eis | Price: 6.5 euros | Meal type: dessert | Lunch menu: false | Vegetarian: true | Vegan possible: false | Allergen codes: f,g | Allergen names: milk_lactose, nuts","milk_lactose, nuts"
169,Mango Cream,No detailed description is listed for Mango Cream.,5.0,Desserts,dessert,false,true,false,false,false,false,false,false,false,"f,g",11,"Name: Mango Cream | Category: Desserts | Description: No detailed description is listed for Mango Cream. | Price: 5.0 euros | Meal type: dessert | Lunch menu: false | Vegetarian: true | Vegan possible: false | Allergen codes: f,g | Allergen names: milk_lactose, nuts","milk_lactose, nuts"
180,"Mineralwasser 1,0l","No detailed description is listed for Mineralwasser 1,0l.",3.5,Getränke,drink,false,true,true,false,false,false,false,false,false,not_listed,12,"Name: Mineralwasser 1,0l | Category: Getränke | Description: No detailed description is listed for Mineralwasser 1,0l. | Price: 3.5 euros | Meal type: drink | Lunch menu: false | Vegetarian: true | Vegan possible: true | Allergen codes: not_listed | Allergen names: not_listed",not_listed
181,"Stilles Wasser 1,0l","No detailed description is listed for Stilles Wasser 1,0l.",3.5,Getränke,drink,false,true,true,false,false,false,false,false,false,not_listed,12,"Name: Stilles Wasser 1,0l | Category: Getränke | Description: No detailed description is listed for Stilles Wasser 1,0l. | Price: 3.5 euros | Meal type: drink | Lunch menu: false | Vegetarian: true | Vegan possible: true | Allergen codes: not_listed | Allergen names: not_listed",not_listed
182,"Coca-Cola 1,0l","No detailed description is listed for Coca-Cola 1,0l.",4.0,Getränke,drink,false,true,true,false,false,false,false,false,false,not_listed,12,"Name: Coca-Cola 1,0l | Category: Getränke | Description: No detailed description is listed for Coca-Cola 1,0l. | Price: 4.0 euros | Meal type: drink | Lunch menu: false | Vegetarian: true | Vegan possible: true | Allergen codes: not_listed | Allergen names: not_listed",not_listed
183,"Coca-Cola Zero 1,0l","No detailed description is listed for Coca-Cola Zero 1,0l.",4.0,Getränke,drink,false,true,true,false,false,false,false,false,false,not_listed,12,"Name: Coca-Cola Zero 1,0l | Category: Getränke | Description: No detailed description is listed for Coca-Cola Zero 1,0l. | Price: 4.0 euros | Meal type: drink | Lunch menu: false | Vegetarian: true | Vegan possible: true | Allergen codes: not_listed | Allergen names: not_listed",not_listed
184,"Fanta 1,0l","No detailed description is listed for Fanta 1,0l.",4.0,Getränke,drink,false,true,true,false,false,false,false,false,false,not_listed,12,"Name: Fanta 1,0l | Category: Getränke | Description: No detailed description is listed for Fanta 1,0l. | Price: 4.0 euros | Meal type: drink | Lunch menu: false | Vegetarian: true | Vegan possible: true | Allergen codes: not_listed | Allergen names: not_listed",not_listed
185,"Sprite 1,0l","No detailed description is listed for Sprite 1,0l.",4.0,Getränke,drink,false,true,true,false,false,false,false,false,false,not_listed,12,"Name: Sprite 1,0l | Category: Getränke | Description: No detailed description is listed for Sprite 1,0l. | Price: 4.0 euros | Meal type: drink | Lunch menu: false | Vegetarian: true | Vegan possible: true | Allergen codes: not_listed | Allergen names: not_listed",not_listed
190,"Lassi (süß) 0,4l","No detailed description is listed for Lassi (süß) 0,4l.",4.5,Getränke,drink,false,true,false,false,false,false,false,false,false,f,12,"Name: Lassi (süß) 0,4l | Category: Getränke | Description: No detailed description is listed for Lassi (süß) 0,4l. | Price: 4.5 euros | Meal type: drink | Lunch menu: false | Vegetarian: true | Vegan possible: false | Allergen codes: f | Allergen names: milk_lactose",milk_lactose
191,"Lassi (salzig) 0,4l","No detailed description is listed for Lassi (salzig) 0,4l.",4.5,Getränke,drink,false,true,false,false,false,false,false,false,false,f,12,"Name: Lassi (salzig) 0,4l | Category: Getränke | Description: No detailed description is listed for Lassi (salzig) 0,4l. | Price: 4.5 euros | Meal type: drink | Lunch menu: false | Vegetarian: true | Vegan possible: false | Allergen codes: f | Allergen names: milk_lactose",milk_lactose
192,"Mango Lassi 0,4l","No detailed description is listed for Mango Lassi 0,4l.",5.0,Getränke,drink,false,true,false,false,false,false,false,false,false,f,12,"Name: Mango Lassi 0,4l | Category: Getränke | Description: No detailed description is listed for Mango Lassi 0,4l. | Price: 5.0 euros | Meal type: drink | Lunch menu: false | Vegetarian: true | Vegan possible: false | Allergen codes: f | Allergen names: milk_lactose",milk_lactose
193,"Banana Lassi 0,4l","No detailed description is listed for Banana Lassi 0,4l.",5.0,Getränke,drink,false,true,false,false,false,false,false,false,false,f,12,"Name: Banana Lassi 0,4l | Category: Getränke | Description: No detailed description is listed for Banana Lassi 0,4l. | Price: 5.0 euros | Meal type: drink | Lunch menu: false | Vegetarian: true | Vegan possible: false | Allergen codes: f | Allergen names: milk_lactose",milk_lactose
194,"Mango Lassi (vegan) 0,4l",Mit Kokosmilch,5.5,Getränke,drink,false,true,true,false,false,false,false,false,false,not_listed,12,"Name: Mango Lassi (vegan) 0,4l | Category: Getränke | Description: Mit Kokosmilch | Price: 5.5 euros | Meal type: drink | Lunch menu: false | Vegetarian: true | Vegan possible: true | Allergen codes: not_listed | Allergen names: not_listed",not_listed
201,"Hefeweizen hell 0,5l","No detailed description is listed for Hefeweizen hell 0,5l.",4.5,Getränke,drink,false,true,true,false,false,false,false,false,false,not_listed,12,"Name: Hefeweizen hell 0,5l | Category: Getränke | Description: No detailed description is listed for Hefeweizen hell 0,5l. | Price: 4.5 euros | Meal type: drink | Lunch menu: false | Vegetarian: true | Vegan possible: true | Allergen codes: not_listed | Allergen names: not_listed",not_listed
202,"Hefeweizen dunkel 0,5l","No detailed description is listed for Hefeweizen dunkel 0,5l.",4.5,Getränke,drink,false,true,true,false,false,false,false,false,false,not_listed,12,"Name: Hefeweizen dunkel 0,5l | Category: Getränke | Description: No detailed description is listed for Hefeweizen dunkel 0,5l. | Price: 4.5 euros | Meal type: drink | Lunch menu: false | Vegetarian: true | Vegan possible: true | Allergen codes: not_listed | Allergen names: not_listed",not_listed
203,"Hefeweizen alkoholfrei 0,5l","No detailed description is listed for Hefeweizen alkoholfrei 0,5l.",4.5,Getränke,drink,false,true,true,false,false,false,false,false,false,not_listed,12,"Name: Hefeweizen alkoholfrei 0,5l | Category: Getränke | Description: No detailed description is listed for Hefeweizen alkoholfrei 0,5l. | Price: 4.5 euros | Meal type: drink | Lunch menu: false | Vegetarian: true | Vegan possible: true | Allergen codes: not_listed | Allergen names: not_listed",not_listed
204,Kingfisher (indisches Bier),No detailed description is listed for Kingfisher (indisches Bier).,4.0,Getränke,drink,false,true,true,false,false,false,false,false,false,not_listed,12,Name: Kingfisher (indisches Bier) | Category: Getränke | Description: No detailed description is listed for Kingfisher (indisches Bier). | Price: 4.0 euros | Meal type: drink | Lunch menu: false | Vegetarian: true | Vegan possible: true | Allergen codes: not_listed | Allergen names: not_listed,not_listed
